phrase,target
"Operating margin , however , slipped to 14.4 % from 15.1 % , dragged down by a poor performance in enterprise solutions",negative
"Operating margin , however , slipped to 14.4 % from 15.1 % , dragged down by a poor performance in enterprise solutions",negative
"Operating margin , however , slipped to 14.4 % from 15.1 % , dragged down by a poor performance in enterprise solutions",negative
"Operating margin , however , slipped to 14.4 % from 15.1 % , dragged down by a poor performance in enterprise solutions",negative
"Operating margin , however , slipped to 14.4 % from 15.1 % , dragged down by a poor performance in enterprise solutions",negative
"Operating margin , however , slipped to 14.4 % from 15.1 % , dragged down by a poor performance in enterprise solutions",negative
"Operating margin , however , slipped to 14.4 % from 15.1 % , dragged down by a poor performance in enterprise solutions",negative
"Operating margin , however , slipped to 14.4 % from 15.1 % , dragged down by a poor performance in enterprise solutions",negative
"Operating margin , however , slipped to 14.4 % from 15.1 % , dragged down by a poor performance in enterprise solutions",negative
"Operating margin , however , slipped to 14.4 % from 15.1 % , dragged down by a poor performance in enterprise solutions",negative
"Operating margin , however , slipped to 14.4 % from 15.1 % , dragged down by a poor performance in enterprise solutions",negative
"Operating margin , however , slipped to 14.4 % from 15.1 % , dragged down by a poor performance in enterprise solutions",negative
"Operating margin , however , slipped to 14.4 % from 15.1 % , dragged down by a poor performance in enterprise solutions",negative
"Operating margin , however , slipped to 14.4 % from 15.1 % , dragged down by a poor performance in enterprise solutions",negative
"Operating margin , however , slipped to 14.4 % from 15.1 % , dragged down by a poor performance in enterprise solutions",negative
"Operating margin , however , slipped to 14.4 % from 15.1 % , dragged down by a poor performance in enterprise solutions",negative
"Operating margin , however , slipped to 14.4 % from 15.1 % , dragged down by a poor performance in enterprise solutions",negative
"Operating margin , however , slipped to 14.4 % from 15.1 % , dragged down by a poor performance in enterprise solutions",negative
"Operating margin , however , slipped to 14.4 % from 15.1 % , dragged down by a poor performance in enterprise solutions",negative
"Operating margin , however , slipped to 14.4 % from 15.1 % , dragged down by a poor performance in enterprise solutions",negative
"Operating margin , however , slipped to 14.4 % from 15.1 % , dragged down by a poor performance in enterprise solutions",negative
"Operating margin , however , slipped to 14.4 % from 15.1 % , dragged down by a poor performance in enterprise solutions",negative
"Operating margin , however , slipped to 14.4 % from 15.1 % , dragged down by a poor performance in enterprise solutions",negative
"Operating margin , however , slipped to 14.4 % from 15.1 % , dragged down by a poor performance in enterprise solutions",negative
"Operating margin , however , slipped to 14.4 % from 15.1 % , dragged down by a poor performance in enterprise solutions",negative
"Operating margin , however , slipped to 14.4 % from 15.1 % , dragged down by a poor performance in enterprise solutions",negative
"Operating margin , however , slipped to 14.4 % from 15.1 % , dragged down by a poor performance in enterprise solutions",negative
"Operating margin , however , slipped to 14.4 % from 15.1 % , dragged down by a poor performance in enterprise solutions",negative
"Operating margin , however , slipped to 14.4 % from 15.1 % , dragged down by a poor performance in enterprise solutions",negative
"Operating margin , however , slipped to 14.4 % from 15.1 % , dragged down by a poor performance in enterprise solutions",negative
"Operating margin , however , slipped to 14.4 % from 15.1 % , dragged down by a poor performance in enterprise solutions",negative
"Operating margin , however , slipped to 14.4 % from 15.1 % , dragged down by a poor performance in enterprise solutions",negative
"Operating margin , however , slipped to 14.4 % from 15.1 % , dragged down by a poor performance in enterprise solutions",negative
"Operating margin , however , slipped to 14.4 % from 15.1 % , dragged down by a poor performance in enterprise solutions",negative
"Operating margin , however , slipped to 14.4 % from 15.1 % , dragged down by a poor performance in enterprise solutions",negative
"Operating margin , however , slipped to 14.4 % from 15.1 % , dragged down by a poor performance in enterprise solutions",negative
"Operating margin , however , slipped to 14.4 % from 15.1 % , dragged down by a poor performance in enterprise solutions",negative
"Operating margin , however , slipped to 14.4 % from 15.1 % , dragged down by a poor performance in enterprise solutions",negative
"Operating margin , however , slipped to 14.4 % from 15.1 % , dragged down by a poor performance in enterprise solutions",negative
"Operating margin , however , slipped to 14.4 % from 15.1 % , dragged down by a poor performance in enterprise solutions",negative
"Operating margin , however , slipped to 14.4 % from 15.1 % , dragged down by a poor performance in enterprise solutions",negative
"Operating margin , however , slipped to 14.4 % from 15.1 % , dragged down by a poor performance in enterprise solutions",negative
"Operating margin , however , slipped to 14.4 % from 15.1 % , dragged down by a poor performance in enterprise solutions",negative
"Operating margin , however , slipped to 14.4 % from 15.1 % , dragged down by a poor performance in enterprise solutions",negative
"Operating margin , however , slipped to 14.4 % from 15.1 % , dragged down by a poor performance in enterprise solutions",negative
"Operating margin , however , slipped to 14.4 % from 15.1 % , dragged down by a poor performance in enterprise solutions",negative
"Operating margin , however , slipped to 14.4 % from 15.1 % , dragged down by a poor performance in enterprise solutions",negative
"Operating margin , however , slipped to 14.4 % from 15.1 % , dragged down by a poor performance in enterprise solutions",negative
"Operating margin , however , slipped to 14.4 % from 15.1 % , dragged down by a poor performance in enterprise solutions",negative
"Operating margin , however , slipped to 14.4 % from 15.1 % , dragged down by a poor performance in enterprise solutions",negative
"Operating margin , however , slipped to 14.4 % from 15.1 % , dragged down by a poor performance in enterprise solutions",negative
"Operating margin , however , slipped to 14.4 % from 15.1 % , dragged down by a poor performance in enterprise solutions",negative
"Operating margin , however , slipped to 14.4 % from 15.1 % , dragged down by a poor performance in enterprise solutions",negative
"Operating margin , however , slipped to 14.4 % from 15.1 % , dragged down by a poor performance in enterprise solutions",negative
"Operating margin , however , slipped to 14.4 % from 15.1 % , dragged down by a poor performance in enterprise solutions",negative
"Operating margin , however , slipped to 14.4 % from 15.1 % , dragged down by a poor performance in enterprise solutions",negative
"Operating margin , however , slipped to 14.4 % from 15.1 % , dragged down by a poor performance in enterprise solutions",negative
"Operating margin , however , slipped to 14.4 % from 15.1 % , dragged down by a poor performance in enterprise solutions",negative
"Operating margin , however , slipped to 14.4 % from 15.1 % , dragged down by a poor performance in enterprise solutions",negative
"Operating margin , however , slipped to 14.4 % from 15.1 % , dragged down by a poor performance in enterprise solutions",negative
"Operating margin , however , slipped to 14.4 % from 15.1 % , dragged down by a poor performance in enterprise solutions",negative
"Operating margin , however , slipped to 14.4 % from 15.1 % , dragged down by a poor performance in enterprise solutions",negative
"Operating margin , however , slipped to 14.4 % from 15.1 % , dragged down by a poor performance in enterprise solutions",negative
"Operating margin , however , slipped to 14.4 % from 15.1 % , dragged down by a poor performance in enterprise solutions",negative
"Operating margin , however , slipped to 14.4 % from 15.1 % , dragged down by a poor performance in enterprise solutions",negative
"Operating margin , however , slipped to 14.4 % from 15.1 % , dragged down by a poor performance in enterprise solutions",negative
"Operating margin , however , slipped to 14.4 % from 15.1 % , dragged down by a poor performance in enterprise solutions",negative
"Besides , as there is no depositor preference in Finland , senior debt and deposits rank on a par , which is also taken into consideration , the agency added",neutral
"Besides , as there is no depositor preference in Finland , senior debt and deposits rank on a par , which is also taken into consideration , the agency added",neutral
"Besides , as there is no depositor preference in Finland , senior debt and deposits rank on a par , which is also taken into consideration , the agency added",neutral
"Besides , as there is no depositor preference in Finland , senior debt and deposits rank on a par , which is also taken into consideration , the agency added",neutral
"Besides , as there is no depositor preference in Finland , senior debt and deposits rank on a par , which is also taken into consideration , the agency added",neutral
"Besides , as there is no depositor preference in Finland , senior debt and deposits rank on a par , which is also taken into consideration , the agency added",neutral
"Besides , as there is no depositor preference in Finland , senior debt and deposits rank on a par , which is also taken into consideration , the agency added",neutral
"Besides , as there is no depositor preference in Finland , senior debt and deposits rank on a par , which is also taken into consideration , the agency added",neutral
"Besides , as there is no depositor preference in Finland , senior debt and deposits rank on a par , which is also taken into consideration , the agency added",neutral
"Besides , as there is no depositor preference in Finland , senior debt and deposits rank on a par , which is also taken into consideration , the agency added",neutral
"Besides , as there is no depositor preference in Finland , senior debt and deposits rank on a par , which is also taken into consideration , the agency added",neutral
"Besides , as there is no depositor preference in Finland , senior debt and deposits rank on a par , which is also taken into consideration , the agency added",neutral
"Besides , as there is no depositor preference in Finland , senior debt and deposits rank on a par , which is also taken into consideration , the agency added",neutral
"Besides , as there is no depositor preference in Finland , senior debt and deposits rank on a par , which is also taken into consideration , the agency added",neutral
"Besides , as there is no depositor preference in Finland , senior debt and deposits rank on a par , which is also taken into consideration , the agency added",neutral
"Besides , as there is no depositor preference in Finland , senior debt and deposits rank on a par , which is also taken into consideration , the agency added",neutral
"Besides , as there is no depositor preference in Finland , senior debt and deposits rank on a par , which is also taken into consideration , the agency added",neutral
"Besides , as there is no depositor preference in Finland , senior debt and deposits rank on a par , which is also taken into consideration , the agency added",neutral
"Besides , as there is no depositor preference in Finland , senior debt and deposits rank on a par , which is also taken into consideration , the agency added",neutral
"Besides , as there is no depositor preference in Finland , senior debt and deposits rank on a par , which is also taken into consideration , the agency added",neutral
"Besides , as there is no depositor preference in Finland , senior debt and deposits rank on a par , which is also taken into consideration , the agency added",neutral
"Besides , as there is no depositor preference in Finland , senior debt and deposits rank on a par , which is also taken into consideration , the agency added",neutral
"Besides , as there is no depositor preference in Finland , senior debt and deposits rank on a par , which is also taken into consideration , the agency added",neutral
"Besides , as there is no depositor preference in Finland , senior debt and deposits rank on a par , which is also taken into consideration , the agency added",neutral
"Besides , as there is no depositor preference in Finland , senior debt and deposits rank on a par , which is also taken into consideration , the agency added",neutral
"Besides , as there is no depositor preference in Finland , senior debt and deposits rank on a par , which is also taken into consideration , the agency added",neutral
"Besides , as there is no depositor preference in Finland , senior debt and deposits rank on a par , which is also taken into consideration , the agency added",neutral
"Besides , as there is no depositor preference in Finland , senior debt and deposits rank on a par , which is also taken into consideration , the agency added",neutral
"Besides , as there is no depositor preference in Finland , senior debt and deposits rank on a par , which is also taken into consideration , the agency added",neutral
"Besides , as there is no depositor preference in Finland , senior debt and deposits rank on a par , which is also taken into consideration , the agency added",neutral
"Besides , as there is no depositor preference in Finland , senior debt and deposits rank on a par , which is also taken into consideration , the agency added",neutral
"Besides , as there is no depositor preference in Finland , senior debt and deposits rank on a par , which is also taken into consideration , the agency added",neutral
"Besides , as there is no depositor preference in Finland , senior debt and deposits rank on a par , which is also taken into consideration , the agency added",neutral
"Besides , as there is no depositor preference in Finland , senior debt and deposits rank on a par , which is also taken into consideration , the agency added",neutral
"Besides , as there is no depositor preference in Finland , senior debt and deposits rank on a par , which is also taken into consideration , the agency added",neutral
"Besides , as there is no depositor preference in Finland , senior debt and deposits rank on a par , which is also taken into consideration , the agency added",neutral
"Besides , as there is no depositor preference in Finland , senior debt and deposits rank on a par , which is also taken into consideration , the agency added",neutral
"Besides , as there is no depositor preference in Finland , senior debt and deposits rank on a par , which is also taken into consideration , the agency added",neutral
"Besides , as there is no depositor preference in Finland , senior debt and deposits rank on a par , which is also taken into consideration , the agency added",neutral
"Besides , as there is no depositor preference in Finland , senior debt and deposits rank on a par , which is also taken into consideration , the agency added",neutral
"Besides , as there is no depositor preference in Finland , senior debt and deposits rank on a par , which is also taken into consideration , the agency added",neutral
"Besides , as there is no depositor preference in Finland , senior debt and deposits rank on a par , which is also taken into consideration , the agency added",neutral
"Besides , as there is no depositor preference in Finland , senior debt and deposits rank on a par , which is also taken into consideration , the agency added",neutral
"Besides , as there is no depositor preference in Finland , senior debt and deposits rank on a par , which is also taken into consideration , the agency added",neutral
"Besides , as there is no depositor preference in Finland , senior debt and deposits rank on a par , which is also taken into consideration , the agency added",neutral
"Besides , as there is no depositor preference in Finland , senior debt and deposits rank on a par , which is also taken into consideration , the agency added",neutral
"Besides , as there is no depositor preference in Finland , senior debt and deposits rank on a par , which is also taken into consideration , the agency added",neutral
"Besides , as there is no depositor preference in Finland , senior debt and deposits rank on a par , which is also taken into consideration , the agency added",neutral
"Besides , as there is no depositor preference in Finland , senior debt and deposits rank on a par , which is also taken into consideration , the agency added",neutral
"Besides , as there is no depositor preference in Finland , senior debt and deposits rank on a par , which is also taken into consideration , the agency added",neutral
"Besides , as there is no depositor preference in Finland , senior debt and deposits rank on a par , which is also taken into consideration , the agency added",neutral
"Besides , as there is no depositor preference in Finland , senior debt and deposits rank on a par , which is also taken into consideration , the agency added",neutral
"Besides , as there is no depositor preference in Finland , senior debt and deposits rank on a par , which is also taken into consideration , the agency added",neutral
"Besides , as there is no depositor preference in Finland , senior debt and deposits rank on a par , which is also taken into consideration , the agency added",neutral
"Besides , as there is no depositor preference in Finland , senior debt and deposits rank on a par , which is also taken into consideration , the agency added",neutral
"Besides , as there is no depositor preference in Finland , senior debt and deposits rank on a par , which is also taken into consideration , the agency added",neutral
"Besides , as there is no depositor preference in Finland , senior debt and deposits rank on a par , which is also taken into consideration , the agency added",neutral
"Besides , as there is no depositor preference in Finland , senior debt and deposits rank on a par , which is also taken into consideration , the agency added",neutral
"Besides , as there is no depositor preference in Finland , senior debt and deposits rank on a par , which is also taken into consideration , the agency added",neutral
"Besides , as there is no depositor preference in Finland , senior debt and deposits rank on a par , which is also taken into consideration , the agency added",neutral
"Besides , as there is no depositor preference in Finland , senior debt and deposits rank on a par , which is also taken into consideration , the agency added",neutral
"Besides , as there is no depositor preference in Finland , senior debt and deposits rank on a par , which is also taken into consideration , the agency added",neutral
"Besides , as there is no depositor preference in Finland , senior debt and deposits rank on a par , which is also taken into consideration , the agency added",neutral
"Besides , as there is no depositor preference in Finland , senior debt and deposits rank on a par , which is also taken into consideration , the agency added",neutral
"Besides , as there is no depositor preference in Finland , senior debt and deposits rank on a par , which is also taken into consideration , the agency added",neutral
"Besides , as there is no depositor preference in Finland , senior debt and deposits rank on a par , which is also taken into consideration , the agency added",neutral
"Besides , as there is no depositor preference in Finland , senior debt and deposits rank on a par , which is also taken into consideration , the agency added",neutral
"Besides , as there is no depositor preference in Finland , senior debt and deposits rank on a par , which is also taken into consideration , the agency added",neutral
"Besides , as there is no depositor preference in Finland , senior debt and deposits rank on a par , which is also taken into consideration , the agency added",neutral
"Besides , as there is no depositor preference in Finland , senior debt and deposits rank on a par , which is also taken into consideration , the agency added",neutral
"Besides , as there is no depositor preference in Finland , senior debt and deposits rank on a par , which is also taken into consideration , the agency added",neutral
"Besides , as there is no depositor preference in Finland , senior debt and deposits rank on a par , which is also taken into consideration , the agency added",neutral
"Besides , as there is no depositor preference in Finland , senior debt and deposits rank on a par , which is also taken into consideration , the agency added",neutral
"Besides , as there is no depositor preference in Finland , senior debt and deposits rank on a par , which is also taken into consideration , the agency added",neutral
"Besides , as there is no depositor preference in Finland , senior debt and deposits rank on a par , which is also taken into consideration , the agency added",neutral
"Besides , as there is no depositor preference in Finland , senior debt and deposits rank on a par , which is also taken into consideration , the agency added",neutral
"Besides , as there is no depositor preference in Finland , senior debt and deposits rank on a par , which is also taken into consideration , the agency added",neutral
"Besides , as there is no depositor preference in Finland , senior debt and deposits rank on a par , which is also taken into consideration , the agency added",neutral
"Besides , as there is no depositor preference in Finland , senior debt and deposits rank on a par , which is also taken into consideration , the agency added",neutral
"Besides , as there is no depositor preference in Finland , senior debt and deposits rank on a par , which is also taken into consideration , the agency added",neutral
"Besides , as there is no depositor preference in Finland , senior debt and deposits rank on a par , which is also taken into consideration , the agency added",neutral
"Besides , as there is no depositor preference in Finland , senior debt and deposits rank on a par , which is also taken into consideration , the agency added",neutral
"Besides , as there is no depositor preference in Finland , senior debt and deposits rank on a par , which is also taken into consideration , the agency added",neutral
"Besides , as there is no depositor preference in Finland , senior debt and deposits rank on a par , which is also taken into consideration , the agency added",neutral
"Besides , as there is no depositor preference in Finland , senior debt and deposits rank on a par , which is also taken into consideration , the agency added",neutral
"Besides , as there is no depositor preference in Finland , senior debt and deposits rank on a par , which is also taken into consideration , the agency added",neutral
"Besides , as there is no depositor preference in Finland , senior debt and deposits rank on a par , which is also taken into consideration , the agency added",neutral
"Besides , as there is no depositor preference in Finland , senior debt and deposits rank on a par , which is also taken into consideration , the agency added",neutral
"Besides , as there is no depositor preference in Finland , senior debt and deposits rank on a par , which is also taken into consideration , the agency added",neutral
"Besides , as there is no depositor preference in Finland , senior debt and deposits rank on a par , which is also taken into consideration , the agency added",neutral
"Besides , as there is no depositor preference in Finland , senior debt and deposits rank on a par , which is also taken into consideration , the agency added",neutral
"Besides , as there is no depositor preference in Finland , senior debt and deposits rank on a par , which is also taken into consideration , the agency added",neutral
"Besides , as there is no depositor preference in Finland , senior debt and deposits rank on a par , which is also taken into consideration , the agency added",neutral
"Besides , as there is no depositor preference in Finland , senior debt and deposits rank on a par , which is also taken into consideration , the agency added",neutral
"Besides , as there is no depositor preference in Finland , senior debt and deposits rank on a par , which is also taken into consideration , the agency added",neutral
"Besides , as there is no depositor preference in Finland , senior debt and deposits rank on a par , which is also taken into consideration , the agency added",neutral
"Besides , as there is no depositor preference in Finland , senior debt and deposits rank on a par , which is also taken into consideration , the agency added",neutral
"Besides , as there is no depositor preference in Finland , senior debt and deposits rank on a par , which is also taken into consideration , the agency added",neutral
"Besides , as there is no depositor preference in Finland , senior debt and deposits rank on a par , which is also taken into consideration , the agency added",neutral
"Besides , as there is no depositor preference in Finland , senior debt and deposits rank on a par , which is also taken into consideration , the agency added",neutral
"Besides , as there is no depositor preference in Finland , senior debt and deposits rank on a par , which is also taken into consideration , the agency added",neutral
"Besides , as there is no depositor preference in Finland , senior debt and deposits rank on a par , which is also taken into consideration , the agency added",neutral
"Besides , as there is no depositor preference in Finland , senior debt and deposits rank on a par , which is also taken into consideration , the agency added",neutral
"Besides , as there is no depositor preference in Finland , senior debt and deposits rank on a par , which is also taken into consideration , the agency added",neutral
"Besides , as there is no depositor preference in Finland , senior debt and deposits rank on a par , which is also taken into consideration , the agency added",neutral
"Besides , as there is no depositor preference in Finland , senior debt and deposits rank on a par , which is also taken into consideration , the agency added",neutral
"Besides , as there is no depositor preference in Finland , senior debt and deposits rank on a par , which is also taken into consideration , the agency added",neutral
"Besides , as there is no depositor preference in Finland , senior debt and deposits rank on a par , which is also taken into consideration , the agency added",neutral
"Besides , as there is no depositor preference in Finland , senior debt and deposits rank on a par , which is also taken into consideration , the agency added",neutral
"Besides , as there is no depositor preference in Finland , senior debt and deposits rank on a par , which is also taken into consideration , the agency added",neutral
"Besides , as there is no depositor preference in Finland , senior debt and deposits rank on a par , which is also taken into consideration , the agency added",neutral
"Besides , as there is no depositor preference in Finland , senior debt and deposits rank on a par , which is also taken into consideration , the agency added",neutral
"Besides , as there is no depositor preference in Finland , senior debt and deposits rank on a par , which is also taken into consideration , the agency added",neutral
"Besides , as there is no depositor preference in Finland , senior debt and deposits rank on a par , which is also taken into consideration , the agency added",neutral
"Besides , as there is no depositor preference in Finland , senior debt and deposits rank on a par , which is also taken into consideration , the agency added",neutral
"Besides , as there is no depositor preference in Finland , senior debt and deposits rank on a par , which is also taken into consideration , the agency added",neutral
"Besides , as there is no depositor preference in Finland , senior debt and deposits rank on a par , which is also taken into consideration , the agency added",neutral
"Besides , as there is no depositor preference in Finland , senior debt and deposits rank on a par , which is also taken into consideration , the agency added",neutral
"Besides , as there is no depositor preference in Finland , senior debt and deposits rank on a par , which is also taken into consideration , the agency added",neutral
"Besides , as there is no depositor preference in Finland , senior debt and deposits rank on a par , which is also taken into consideration , the agency added",neutral
"Besides , as there is no depositor preference in Finland , senior debt and deposits rank on a par , which is also taken into consideration , the agency added",neutral
"Besides , as there is no depositor preference in Finland , senior debt and deposits rank on a par , which is also taken into consideration , the agency added",neutral
"Besides , as there is no depositor preference in Finland , senior debt and deposits rank on a par , which is also taken into consideration , the agency added",neutral
"Besides , as there is no depositor preference in Finland , senior debt and deposits rank on a par , which is also taken into consideration , the agency added",neutral
"Besides , as there is no depositor preference in Finland , senior debt and deposits rank on a par , which is also taken into consideration , the agency added",neutral
"Besides , as there is no depositor preference in Finland , senior debt and deposits rank on a par , which is also taken into consideration , the agency added",neutral
"Besides , as there is no depositor preference in Finland , senior debt and deposits rank on a par , which is also taken into consideration , the agency added",neutral
"Besides , as there is no depositor preference in Finland , senior debt and deposits rank on a par , which is also taken into consideration , the agency added",neutral
"Besides , as there is no depositor preference in Finland , senior debt and deposits rank on a par , which is also taken into consideration , the agency added",neutral
"Besides , as there is no depositor preference in Finland , senior debt and deposits rank on a par , which is also taken into consideration , the agency added",neutral
"Besides , as there is no depositor preference in Finland , senior debt and deposits rank on a par , which is also taken into consideration , the agency added",neutral
"Besides , as there is no depositor preference in Finland , senior debt and deposits rank on a par , which is also taken into consideration , the agency added",neutral
"Besides , as there is no depositor preference in Finland , senior debt and deposits rank on a par , which is also taken into consideration , the agency added",neutral
"Besides , as there is no depositor preference in Finland , senior debt and deposits rank on a par , which is also taken into consideration , the agency added",neutral
"Besides , as there is no depositor preference in Finland , senior debt and deposits rank on a par , which is also taken into consideration , the agency added",neutral
"Besides , as there is no depositor preference in Finland , senior debt and deposits rank on a par , which is also taken into consideration , the agency added",neutral
"Besides , as there is no depositor preference in Finland , senior debt and deposits rank on a par , which is also taken into consideration , the agency added",neutral
"Besides , as there is no depositor preference in Finland , senior debt and deposits rank on a par , which is also taken into consideration , the agency added",neutral
"Besides , as there is no depositor preference in Finland , senior debt and deposits rank on a par , which is also taken into consideration , the agency added",neutral
"Besides , as there is no depositor preference in Finland , senior debt and deposits rank on a par , which is also taken into consideration , the agency added",neutral
"Besides , as there is no depositor preference in Finland , senior debt and deposits rank on a par , which is also taken into consideration , the agency added",neutral
"Besides , as there is no depositor preference in Finland , senior debt and deposits rank on a par , which is also taken into consideration , the agency added",neutral
"Besides , as there is no depositor preference in Finland , senior debt and deposits rank on a par , which is also taken into consideration , the agency added",neutral
"Besides , as there is no depositor preference in Finland , senior debt and deposits rank on a par , which is also taken into consideration , the agency added",neutral
"Besides , as there is no depositor preference in Finland , senior debt and deposits rank on a par , which is also taken into consideration , the agency added",neutral
"Besides , as there is no depositor preference in Finland , senior debt and deposits rank on a par , which is also taken into consideration , the agency added",neutral
"Besides , as there is no depositor preference in Finland , senior debt and deposits rank on a par , which is also taken into consideration , the agency added",neutral
"Besides , as there is no depositor preference in Finland , senior debt and deposits rank on a par , which is also taken into consideration , the agency added",neutral
"Besides , as there is no depositor preference in Finland , senior debt and deposits rank on a par , which is also taken into consideration , the agency added",neutral
"Besides , as there is no depositor preference in Finland , senior debt and deposits rank on a par , which is also taken into consideration , the agency added",neutral
"Besides , as there is no depositor preference in Finland , senior debt and deposits rank on a par , which is also taken into consideration , the agency added",neutral
"Besides , as there is no depositor preference in Finland , senior debt and deposits rank on a par , which is also taken into consideration , the agency added",neutral
"Besides , as there is no depositor preference in Finland , senior debt and deposits rank on a par , which is also taken into consideration , the agency added",neutral
"Besides , as there is no depositor preference in Finland , senior debt and deposits rank on a par , which is also taken into consideration , the agency added",neutral
"Besides , as there is no depositor preference in Finland , senior debt and deposits rank on a par , which is also taken into consideration , the agency added",neutral
"Besides , as there is no depositor preference in Finland , senior debt and deposits rank on a par , which is also taken into consideration , the agency added",neutral
"Besides , as there is no depositor preference in Finland , senior debt and deposits rank on a par , which is also taken into consideration , the agency added",neutral
"Besides , as there is no depositor preference in Finland , senior debt and deposits rank on a par , which is also taken into consideration , the agency added",neutral
"Besides , as there is no depositor preference in Finland , senior debt and deposits rank on a par , which is also taken into consideration , the agency added",neutral
"Besides , as there is no depositor preference in Finland , senior debt and deposits rank on a par , which is also taken into consideration , the agency added",neutral
"Besides , as there is no depositor preference in Finland , senior debt and deposits rank on a par , which is also taken into consideration , the agency added",neutral
"Besides , as there is no depositor preference in Finland , senior debt and deposits rank on a par , which is also taken into consideration , the agency added",neutral
"Besides , as there is no depositor preference in Finland , senior debt and deposits rank on a par , which is also taken into consideration , the agency added",neutral
"Besides , as there is no depositor preference in Finland , senior debt and deposits rank on a par , which is also taken into consideration , the agency added",neutral
"Besides , as there is no depositor preference in Finland , senior debt and deposits rank on a par , which is also taken into consideration , the agency added",neutral
"Besides , as there is no depositor preference in Finland , senior debt and deposits rank on a par , which is also taken into consideration , the agency added",neutral
"Besides , as there is no depositor preference in Finland , senior debt and deposits rank on a par , which is also taken into consideration , the agency added",neutral
"Besides , as there is no depositor preference in Finland , senior debt and deposits rank on a par , which is also taken into consideration , the agency added",neutral
"Besides , as there is no depositor preference in Finland , senior debt and deposits rank on a par , which is also taken into consideration , the agency added",neutral
"Besides , as there is no depositor preference in Finland , senior debt and deposits rank on a par , which is also taken into consideration , the agency added",neutral
"Besides , as there is no depositor preference in Finland , senior debt and deposits rank on a par , which is also taken into consideration , the agency added",neutral
"Besides , as there is no depositor preference in Finland , senior debt and deposits rank on a par , which is also taken into consideration , the agency added",neutral
"Besides , as there is no depositor preference in Finland , senior debt and deposits rank on a par , which is also taken into consideration , the agency added",neutral
"Besides , as there is no depositor preference in Finland , senior debt and deposits rank on a par , which is also taken into consideration , the agency added",neutral
"Besides , as there is no depositor preference in Finland , senior debt and deposits rank on a par , which is also taken into consideration , the agency added",neutral
"Besides , as there is no depositor preference in Finland , senior debt and deposits rank on a par , which is also taken into consideration , the agency added",neutral
"Besides , as there is no depositor preference in Finland , senior debt and deposits rank on a par , which is also taken into consideration , the agency added",neutral
"Besides , as there is no depositor preference in Finland , senior debt and deposits rank on a par , which is also taken into consideration , the agency added",neutral
"Besides , as there is no depositor preference in Finland , senior debt and deposits rank on a par , which is also taken into consideration , the agency added",neutral
"Besides , as there is no depositor preference in Finland , senior debt and deposits rank on a par , which is also taken into consideration , the agency added",neutral
"Besides , as there is no depositor preference in Finland , senior debt and deposits rank on a par , which is also taken into consideration , the agency added",neutral
"Besides , as there is no depositor preference in Finland , senior debt and deposits rank on a par , which is also taken into consideration , the agency added",neutral
"Besides , as there is no depositor preference in Finland , senior debt and deposits rank on a par , which is also taken into consideration , the agency added",neutral
"Besides , as there is no depositor preference in Finland , senior debt and deposits rank on a par , which is also taken into consideration , the agency added",neutral
"Besides , as there is no depositor preference in Finland , senior debt and deposits rank on a par , which is also taken into consideration , the agency added",neutral
"Besides , as there is no depositor preference in Finland , senior debt and deposits rank on a par , which is also taken into consideration , the agency added",neutral
"Besides , as there is no depositor preference in Finland , senior debt and deposits rank on a par , which is also taken into consideration , the agency added",neutral
"Besides , as there is no depositor preference in Finland , senior debt and deposits rank on a par , which is also taken into consideration , the agency added",neutral
"Besides , as there is no depositor preference in Finland , senior debt and deposits rank on a par , which is also taken into consideration , the agency added",neutral
"Besides , as there is no depositor preference in Finland , senior debt and deposits rank on a par , which is also taken into consideration , the agency added",neutral
"Besides , as there is no depositor preference in Finland , senior debt and deposits rank on a par , which is also taken into consideration , the agency added",neutral
"Besides , as there is no depositor preference in Finland , senior debt and deposits rank on a par , which is also taken into consideration , the agency added",neutral
"Besides , as there is no depositor preference in Finland , senior debt and deposits rank on a par , which is also taken into consideration , the agency added",neutral
"Besides , as there is no depositor preference in Finland , senior debt and deposits rank on a par , which is also taken into consideration , the agency added",neutral
"Besides , as there is no depositor preference in Finland , senior debt and deposits rank on a par , which is also taken into consideration , the agency added",neutral
"Besides , as there is no depositor preference in Finland , senior debt and deposits rank on a par , which is also taken into consideration , the agency added",neutral
"Besides , as there is no depositor preference in Finland , senior debt and deposits rank on a par , which is also taken into consideration , the agency added",neutral
"Besides , as there is no depositor preference in Finland , senior debt and deposits rank on a par , which is also taken into consideration , the agency added",neutral
"Besides , as there is no depositor preference in Finland , senior debt and deposits rank on a par , which is also taken into consideration , the agency added",neutral
"Besides , as there is no depositor preference in Finland , senior debt and deposits rank on a par , which is also taken into consideration , the agency added",neutral
"Besides , as there is no depositor preference in Finland , senior debt and deposits rank on a par , which is also taken into consideration , the agency added",neutral
"Besides , as there is no depositor preference in Finland , senior debt and deposits rank on a par , which is also taken into consideration , the agency added",neutral
"Besides , as there is no depositor preference in Finland , senior debt and deposits rank on a par , which is also taken into consideration , the agency added",neutral
"Besides , as there is no depositor preference in Finland , senior debt and deposits rank on a par , which is also taken into consideration , the agency added",neutral
"Besides , as there is no depositor preference in Finland , senior debt and deposits rank on a par , which is also taken into consideration , the agency added",neutral
"Besides , as there is no depositor preference in Finland , senior debt and deposits rank on a par , which is also taken into consideration , the agency added",neutral
"Besides , as there is no depositor preference in Finland , senior debt and deposits rank on a par , which is also taken into consideration , the agency added",neutral
"Besides , as there is no depositor preference in Finland , senior debt and deposits rank on a par , which is also taken into consideration , the agency added",neutral
"Besides , as there is no depositor preference in Finland , senior debt and deposits rank on a par , which is also taken into consideration , the agency added",neutral
"Besides , as there is no depositor preference in Finland , senior debt and deposits rank on a par , which is also taken into consideration , the agency added",neutral
"Besides , as there is no depositor preference in Finland , senior debt and deposits rank on a par , which is also taken into consideration , the agency added",neutral
"Besides , as there is no depositor preference in Finland , senior debt and deposits rank on a par , which is also taken into consideration , the agency added",neutral
"Besides , as there is no depositor preference in Finland , senior debt and deposits rank on a par , which is also taken into consideration , the agency added",neutral
"Besides , as there is no depositor preference in Finland , senior debt and deposits rank on a par , which is also taken into consideration , the agency added",neutral
"Besides , as there is no depositor preference in Finland , senior debt and deposits rank on a par , which is also taken into consideration , the agency added",neutral
"Besides , as there is no depositor preference in Finland , senior debt and deposits rank on a par , which is also taken into consideration , the agency added",neutral
"Besides , as there is no depositor preference in Finland , senior debt and deposits rank on a par , which is also taken into consideration , the agency added",neutral
"Besides , as there is no depositor preference in Finland , senior debt and deposits rank on a par , which is also taken into consideration , the agency added",neutral
"Besides , as there is no depositor preference in Finland , senior debt and deposits rank on a par , which is also taken into consideration , the agency added",neutral
"Besides , as there is no depositor preference in Finland , senior debt and deposits rank on a par , which is also taken into consideration , the agency added",neutral
"Besides , as there is no depositor preference in Finland , senior debt and deposits rank on a par , which is also taken into consideration , the agency added",neutral
"Besides , as there is no depositor preference in Finland , senior debt and deposits rank on a par , which is also taken into consideration , the agency added",neutral
"Besides , as there is no depositor preference in Finland , senior debt and deposits rank on a par , which is also taken into consideration , the agency added",neutral
"Besides , as there is no depositor preference in Finland , senior debt and deposits rank on a par , which is also taken into consideration , the agency added",neutral
"Besides , as there is no depositor preference in Finland , senior debt and deposits rank on a par , which is also taken into consideration , the agency added",neutral
"Besides , as there is no depositor preference in Finland , senior debt and deposits rank on a par , which is also taken into consideration , the agency added",neutral
"Besides , as there is no depositor preference in Finland , senior debt and deposits rank on a par , which is also taken into consideration , the agency added",neutral
"Besides , as there is no depositor preference in Finland , senior debt and deposits rank on a par , which is also taken into consideration , the agency added",neutral
"Besides , as there is no depositor preference in Finland , senior debt and deposits rank on a par , which is also taken into consideration , the agency added",neutral
"Besides , as there is no depositor preference in Finland , senior debt and deposits rank on a par , which is also taken into consideration , the agency added",neutral
"Besides , as there is no depositor preference in Finland , senior debt and deposits rank on a par , which is also taken into consideration , the agency added",neutral
"Besides , as there is no depositor preference in Finland , senior debt and deposits rank on a par , which is also taken into consideration , the agency added",neutral
"Besides , as there is no depositor preference in Finland , senior debt and deposits rank on a par , which is also taken into consideration , the agency added",neutral
"Besides , as there is no depositor preference in Finland , senior debt and deposits rank on a par , which is also taken into consideration , the agency added",neutral
"Besides , as there is no depositor preference in Finland , senior debt and deposits rank on a par , which is also taken into consideration , the agency added",neutral
"Besides , as there is no depositor preference in Finland , senior debt and deposits rank on a par , which is also taken into consideration , the agency added",neutral
"Besides , as there is no depositor preference in Finland , senior debt and deposits rank on a par , which is also taken into consideration , the agency added",neutral
"Besides , as there is no depositor preference in Finland , senior debt and deposits rank on a par , which is also taken into consideration , the agency added",neutral
"Besides , as there is no depositor preference in Finland , senior debt and deposits rank on a par , which is also taken into consideration , the agency added",neutral
"Besides , as there is no depositor preference in Finland , senior debt and deposits rank on a par , which is also taken into consideration , the agency added",neutral
"Besides , as there is no depositor preference in Finland , senior debt and deposits rank on a par , which is also taken into consideration , the agency added",neutral
"Besides , as there is no depositor preference in Finland , senior debt and deposits rank on a par , which is also taken into consideration , the agency added",neutral
"Besides , as there is no depositor preference in Finland , senior debt and deposits rank on a par , which is also taken into consideration , the agency added",neutral
"Besides , as there is no depositor preference in Finland , senior debt and deposits rank on a par , which is also taken into consideration , the agency added",neutral
"Besides , as there is no depositor preference in Finland , senior debt and deposits rank on a par , which is also taken into consideration , the agency added",neutral
"Besides , as there is no depositor preference in Finland , senior debt and deposits rank on a par , which is also taken into consideration , the agency added",neutral
"Besides , as there is no depositor preference in Finland , senior debt and deposits rank on a par , which is also taken into consideration , the agency added",neutral
"Besides , as there is no depositor preference in Finland , senior debt and deposits rank on a par , which is also taken into consideration , the agency added",neutral
"Besides , as there is no depositor preference in Finland , senior debt and deposits rank on a par , which is also taken into consideration , the agency added",neutral
"Besides , as there is no depositor preference in Finland , senior debt and deposits rank on a par , which is also taken into consideration , the agency added",neutral
"Besides , as there is no depositor preference in Finland , senior debt and deposits rank on a par , which is also taken into consideration , the agency added",neutral
"Besides , as there is no depositor preference in Finland , senior debt and deposits rank on a par , which is also taken into consideration , the agency added",neutral
"Besides , as there is no depositor preference in Finland , senior debt and deposits rank on a par , which is also taken into consideration , the agency added",neutral
"Besides , as there is no depositor preference in Finland , senior debt and deposits rank on a par , which is also taken into consideration , the agency added",neutral
"Besides , as there is no depositor preference in Finland , senior debt and deposits rank on a par , which is also taken into consideration , the agency added",neutral
"Besides , as there is no depositor preference in Finland , senior debt and deposits rank on a par , which is also taken into consideration , the agency added",neutral
"Besides , as there is no depositor preference in Finland , senior debt and deposits rank on a par , which is also taken into consideration , the agency added",neutral
"Besides , as there is no depositor preference in Finland , senior debt and deposits rank on a par , which is also taken into consideration , the agency added",neutral
"Besides , as there is no depositor preference in Finland , senior debt and deposits rank on a par , which is also taken into consideration , the agency added",neutral
"Besides , as there is no depositor preference in Finland , senior debt and deposits rank on a par , which is also taken into consideration , the agency added",neutral
"Besides , as there is no depositor preference in Finland , senior debt and deposits rank on a par , which is also taken into consideration , the agency added",neutral
"Besides , as there is no depositor preference in Finland , senior debt and deposits rank on a par , which is also taken into consideration , the agency added",neutral
"Besides , as there is no depositor preference in Finland , senior debt and deposits rank on a par , which is also taken into consideration , the agency added",neutral
"Besides , as there is no depositor preference in Finland , senior debt and deposits rank on a par , which is also taken into consideration , the agency added",neutral
"Besides , as there is no depositor preference in Finland , senior debt and deposits rank on a par , which is also taken into consideration , the agency added",neutral
"Besides , as there is no depositor preference in Finland , senior debt and deposits rank on a par , which is also taken into consideration , the agency added",neutral
"Besides , as there is no depositor preference in Finland , senior debt and deposits rank on a par , which is also taken into consideration , the agency added",neutral
"Besides , as there is no depositor preference in Finland , senior debt and deposits rank on a par , which is also taken into consideration , the agency added",neutral
"Besides , as there is no depositor preference in Finland , senior debt and deposits rank on a par , which is also taken into consideration , the agency added",neutral
"Besides , as there is no depositor preference in Finland , senior debt and deposits rank on a par , which is also taken into consideration , the agency added",neutral
"Besides , as there is no depositor preference in Finland , senior debt and deposits rank on a par , which is also taken into consideration , the agency added",neutral
"Besides , as there is no depositor preference in Finland , senior debt and deposits rank on a par , which is also taken into consideration , the agency added",neutral
"Besides , as there is no depositor preference in Finland , senior debt and deposits rank on a par , which is also taken into consideration , the agency added",neutral
"Besides , as there is no depositor preference in Finland , senior debt and deposits rank on a par , which is also taken into consideration , the agency added",neutral
"As part of the transaction , M-real and Sappi have also signed a long-term agreement on the supply of pulp and BCTMP and other smaller services and supplies",positive
"As part of the transaction , M-real and Sappi have also signed a long-term agreement on the supply of pulp and BCTMP and other smaller services and supplies",positive
"As part of the transaction , M-real and Sappi have also signed a long-term agreement on the supply of pulp and BCTMP and other smaller services and supplies",positive
"As part of the transaction , M-real and Sappi have also signed a long-term agreement on the supply of pulp and BCTMP and other smaller services and supplies",positive
"As part of the transaction , M-real and Sappi have also signed a long-term agreement on the supply of pulp and BCTMP and other smaller services and supplies",positive
"As part of the transaction , M-real and Sappi have also signed a long-term agreement on the supply of pulp and BCTMP and other smaller services and supplies",positive
"As part of the transaction , M-real and Sappi have also signed a long-term agreement on the supply of pulp and BCTMP and other smaller services and supplies",positive
"As part of the transaction , M-real and Sappi have also signed a long-term agreement on the supply of pulp and BCTMP and other smaller services and supplies",positive
"As part of the transaction , M-real and Sappi have also signed a long-term agreement on the supply of pulp and BCTMP and other smaller services and supplies",positive
"As part of the transaction , M-real and Sappi have also signed a long-term agreement on the supply of pulp and BCTMP and other smaller services and supplies",positive
"As part of the transaction , M-real and Sappi have also signed a long-term agreement on the supply of pulp and BCTMP and other smaller services and supplies",positive
"As part of the transaction , M-real and Sappi have also signed a long-term agreement on the supply of pulp and BCTMP and other smaller services and supplies",positive
"As part of the transaction , M-real and Sappi have also signed a long-term agreement on the supply of pulp and BCTMP and other smaller services and supplies",positive
"As part of the transaction , M-real and Sappi have also signed a long-term agreement on the supply of pulp and BCTMP and other smaller services and supplies",positive
"As part of the transaction , M-real and Sappi have also signed a long-term agreement on the supply of pulp and BCTMP and other smaller services and supplies",positive
"As part of the transaction , M-real and Sappi have also signed a long-term agreement on the supply of pulp and BCTMP and other smaller services and supplies",positive
"As part of the transaction , M-real and Sappi have also signed a long-term agreement on the supply of pulp and BCTMP and other smaller services and supplies",positive
"As part of the transaction , M-real and Sappi have also signed a long-term agreement on the supply of pulp and BCTMP and other smaller services and supplies",positive
"As part of the transaction , M-real and Sappi have also signed a long-term agreement on the supply of pulp and BCTMP and other smaller services and supplies",positive
"As part of the transaction , M-real and Sappi have also signed a long-term agreement on the supply of pulp and BCTMP and other smaller services and supplies",positive
"As part of the transaction , M-real and Sappi have also signed a long-term agreement on the supply of pulp and BCTMP and other smaller services and supplies",positive
"As part of the transaction , M-real and Sappi have also signed a long-term agreement on the supply of pulp and BCTMP and other smaller services and supplies",positive
"As part of the transaction , M-real and Sappi have also signed a long-term agreement on the supply of pulp and BCTMP and other smaller services and supplies",positive
"As part of the transaction , M-real and Sappi have also signed a long-term agreement on the supply of pulp and BCTMP and other smaller services and supplies",positive
"As part of the transaction , M-real and Sappi have also signed a long-term agreement on the supply of pulp and BCTMP and other smaller services and supplies",positive
"As part of the transaction , M-real and Sappi have also signed a long-term agreement on the supply of pulp and BCTMP and other smaller services and supplies",positive
"As part of the transaction , M-real and Sappi have also signed a long-term agreement on the supply of pulp and BCTMP and other smaller services and supplies",positive
"As part of the transaction , M-real and Sappi have also signed a long-term agreement on the supply of pulp and BCTMP and other smaller services and supplies",positive
"As part of the transaction , M-real and Sappi have also signed a long-term agreement on the supply of pulp and BCTMP and other smaller services and supplies",positive
"As part of the transaction , M-real and Sappi have also signed a long-term agreement on the supply of pulp and BCTMP and other smaller services and supplies",positive
"As part of the transaction , M-real and Sappi have also signed a long-term agreement on the supply of pulp and BCTMP and other smaller services and supplies",positive
"As part of the transaction , M-real and Sappi have also signed a long-term agreement on the supply of pulp and BCTMP and other smaller services and supplies",positive
"As part of the transaction , M-real and Sappi have also signed a long-term agreement on the supply of pulp and BCTMP and other smaller services and supplies",positive
"As part of the transaction , M-real and Sappi have also signed a long-term agreement on the supply of pulp and BCTMP and other smaller services and supplies",positive
"As part of the transaction , M-real and Sappi have also signed a long-term agreement on the supply of pulp and BCTMP and other smaller services and supplies",positive
"As part of the transaction , M-real and Sappi have also signed a long-term agreement on the supply of pulp and BCTMP and other smaller services and supplies",positive
"As part of the transaction , M-real and Sappi have also signed a long-term agreement on the supply of pulp and BCTMP and other smaller services and supplies",positive
"As part of the transaction , M-real and Sappi have also signed a long-term agreement on the supply of pulp and BCTMP and other smaller services and supplies",positive
"As part of the transaction , M-real and Sappi have also signed a long-term agreement on the supply of pulp and BCTMP and other smaller services and supplies",positive
"As part of the transaction , M-real and Sappi have also signed a long-term agreement on the supply of pulp and BCTMP and other smaller services and supplies",positive
"As part of the transaction , M-real and Sappi have also signed a long-term agreement on the supply of pulp and BCTMP and other smaller services and supplies",positive
"As part of the transaction , M-real and Sappi have also signed a long-term agreement on the supply of pulp and BCTMP and other smaller services and supplies",positive
"As part of the transaction , M-real and Sappi have also signed a long-term agreement on the supply of pulp and BCTMP and other smaller services and supplies",positive
"As part of the transaction , M-real and Sappi have also signed a long-term agreement on the supply of pulp and BCTMP and other smaller services and supplies",positive
"As part of the transaction , M-real and Sappi have also signed a long-term agreement on the supply of pulp and BCTMP and other smaller services and supplies",positive
"As part of the transaction , M-real and Sappi have also signed a long-term agreement on the supply of pulp and BCTMP and other smaller services and supplies",positive
"As part of the transaction , M-real and Sappi have also signed a long-term agreement on the supply of pulp and BCTMP and other smaller services and supplies",positive
"As part of the transaction , M-real and Sappi have also signed a long-term agreement on the supply of pulp and BCTMP and other smaller services and supplies",positive
"As part of the transaction , M-real and Sappi have also signed a long-term agreement on the supply of pulp and BCTMP and other smaller services and supplies",positive
"As part of the transaction , M-real and Sappi have also signed a long-term agreement on the supply of pulp and BCTMP and other smaller services and supplies",positive
"As part of the transaction , M-real and Sappi have also signed a long-term agreement on the supply of pulp and BCTMP and other smaller services and supplies",positive
"As part of the transaction , M-real and Sappi have also signed a long-term agreement on the supply of pulp and BCTMP and other smaller services and supplies",positive
"As part of the transaction , M-real and Sappi have also signed a long-term agreement on the supply of pulp and BCTMP and other smaller services and supplies",positive
"As part of the transaction , M-real and Sappi have also signed a long-term agreement on the supply of pulp and BCTMP and other smaller services and supplies",positive
"As part of the transaction , M-real and Sappi have also signed a long-term agreement on the supply of pulp and BCTMP and other smaller services and supplies",positive
"As part of the transaction , M-real and Sappi have also signed a long-term agreement on the supply of pulp and BCTMP and other smaller services and supplies",positive
"As part of the transaction , M-real and Sappi have also signed a long-term agreement on the supply of pulp and BCTMP and other smaller services and supplies",positive
"As part of the transaction , M-real and Sappi have also signed a long-term agreement on the supply of pulp and BCTMP and other smaller services and supplies",positive
"As part of the transaction , M-real and Sappi have also signed a long-term agreement on the supply of pulp and BCTMP and other smaller services and supplies",positive
"As part of the transaction , M-real and Sappi have also signed a long-term agreement on the supply of pulp and BCTMP and other smaller services and supplies",positive
"As part of the transaction , M-real and Sappi have also signed a long-term agreement on the supply of pulp and BCTMP and other smaller services and supplies",positive
"As part of the transaction , M-real and Sappi have also signed a long-term agreement on the supply of pulp and BCTMP and other smaller services and supplies",positive
"As part of the transaction , M-real and Sappi have also signed a long-term agreement on the supply of pulp and BCTMP and other smaller services and supplies",positive
"As part of the transaction , M-real and Sappi have also signed a long-term agreement on the supply of pulp and BCTMP and other smaller services and supplies",positive
"As part of the transaction , M-real and Sappi have also signed a long-term agreement on the supply of pulp and BCTMP and other smaller services and supplies",positive
"As part of the transaction , M-real and Sappi have also signed a long-term agreement on the supply of pulp and BCTMP and other smaller services and supplies",positive
"As part of the transaction , M-real and Sappi have also signed a long-term agreement on the supply of pulp and BCTMP and other smaller services and supplies",positive
"As part of the transaction , M-real and Sappi have also signed a long-term agreement on the supply of pulp and BCTMP and other smaller services and supplies",positive
"As part of the transaction , M-real and Sappi have also signed a long-term agreement on the supply of pulp and BCTMP and other smaller services and supplies",positive
"As part of the transaction , M-real and Sappi have also signed a long-term agreement on the supply of pulp and BCTMP and other smaller services and supplies",positive
"As part of the transaction , M-real and Sappi have also signed a long-term agreement on the supply of pulp and BCTMP and other smaller services and supplies",positive
"As part of the transaction , M-real and Sappi have also signed a long-term agreement on the supply of pulp and BCTMP and other smaller services and supplies",positive
"As part of the transaction , M-real and Sappi have also signed a long-term agreement on the supply of pulp and BCTMP and other smaller services and supplies",positive
"As part of the transaction , M-real and Sappi have also signed a long-term agreement on the supply of pulp and BCTMP and other smaller services and supplies",positive
"As part of the transaction , M-real and Sappi have also signed a long-term agreement on the supply of pulp and BCTMP and other smaller services and supplies",positive
"As part of the transaction , M-real and Sappi have also signed a long-term agreement on the supply of pulp and BCTMP and other smaller services and supplies",positive
"As part of the transaction , M-real and Sappi have also signed a long-term agreement on the supply of pulp and BCTMP and other smaller services and supplies",positive
"As part of the transaction , M-real and Sappi have also signed a long-term agreement on the supply of pulp and BCTMP and other smaller services and supplies",positive
"As part of the transaction , M-real and Sappi have also signed a long-term agreement on the supply of pulp and BCTMP and other smaller services and supplies",positive
"As part of the transaction , M-real and Sappi have also signed a long-term agreement on the supply of pulp and BCTMP and other smaller services and supplies",positive
"As part of the transaction , M-real and Sappi have also signed a long-term agreement on the supply of pulp and BCTMP and other smaller services and supplies",positive
"As part of the transaction , M-real and Sappi have also signed a long-term agreement on the supply of pulp and BCTMP and other smaller services and supplies",positive
"As part of the transaction , M-real and Sappi have also signed a long-term agreement on the supply of pulp and BCTMP and other smaller services and supplies",positive
"As part of the transaction , M-real and Sappi have also signed a long-term agreement on the supply of pulp and BCTMP and other smaller services and supplies",positive
"As part of the transaction , M-real and Sappi have also signed a long-term agreement on the supply of pulp and BCTMP and other smaller services and supplies",positive
"As part of the transaction , M-real and Sappi have also signed a long-term agreement on the supply of pulp and BCTMP and other smaller services and supplies",positive
"As part of the transaction , M-real and Sappi have also signed a long-term agreement on the supply of pulp and BCTMP and other smaller services and supplies",positive
"As part of the transaction , M-real and Sappi have also signed a long-term agreement on the supply of pulp and BCTMP and other smaller services and supplies",positive
"As part of the transaction , M-real and Sappi have also signed a long-term agreement on the supply of pulp and BCTMP and other smaller services and supplies",positive
"As part of the transaction , M-real and Sappi have also signed a long-term agreement on the supply of pulp and BCTMP and other smaller services and supplies",positive
"As part of the transaction , M-real and Sappi have also signed a long-term agreement on the supply of pulp and BCTMP and other smaller services and supplies",positive
"As part of the transaction , M-real and Sappi have also signed a long-term agreement on the supply of pulp and BCTMP and other smaller services and supplies",positive
"As part of the transaction , M-real and Sappi have also signed a long-term agreement on the supply of pulp and BCTMP and other smaller services and supplies",positive
"As part of the transaction , M-real and Sappi have also signed a long-term agreement on the supply of pulp and BCTMP and other smaller services and supplies",positive
"As part of the transaction , M-real and Sappi have also signed a long-term agreement on the supply of pulp and BCTMP and other smaller services and supplies",positive
"As part of the transaction , M-real and Sappi have also signed a long-term agreement on the supply of pulp and BCTMP and other smaller services and supplies",positive
"As part of the transaction , M-real and Sappi have also signed a long-term agreement on the supply of pulp and BCTMP and other smaller services and supplies",positive
"As part of the transaction , M-real and Sappi have also signed a long-term agreement on the supply of pulp and BCTMP and other smaller services and supplies",positive
"As part of the transaction , M-real and Sappi have also signed a long-term agreement on the supply of pulp and BCTMP and other smaller services and supplies",positive
"As part of the transaction , M-real and Sappi have also signed a long-term agreement on the supply of pulp and BCTMP and other smaller services and supplies",positive
"As part of the transaction , M-real and Sappi have also signed a long-term agreement on the supply of pulp and BCTMP and other smaller services and supplies",positive
"As part of the transaction , M-real and Sappi have also signed a long-term agreement on the supply of pulp and BCTMP and other smaller services and supplies",positive
"As part of the transaction , M-real and Sappi have also signed a long-term agreement on the supply of pulp and BCTMP and other smaller services and supplies",positive
"As part of the transaction , M-real and Sappi have also signed a long-term agreement on the supply of pulp and BCTMP and other smaller services and supplies",positive
"As part of the transaction , M-real and Sappi have also signed a long-term agreement on the supply of pulp and BCTMP and other smaller services and supplies",positive
"As part of the transaction , M-real and Sappi have also signed a long-term agreement on the supply of pulp and BCTMP and other smaller services and supplies",positive
"As part of the transaction , M-real and Sappi have also signed a long-term agreement on the supply of pulp and BCTMP and other smaller services and supplies",positive
"As part of the transaction , M-real and Sappi have also signed a long-term agreement on the supply of pulp and BCTMP and other smaller services and supplies",positive
"As part of the transaction , M-real and Sappi have also signed a long-term agreement on the supply of pulp and BCTMP and other smaller services and supplies",positive
"As part of the transaction , M-real and Sappi have also signed a long-term agreement on the supply of pulp and BCTMP and other smaller services and supplies",positive
"As part of the transaction , M-real and Sappi have also signed a long-term agreement on the supply of pulp and BCTMP and other smaller services and supplies",positive
"As part of the transaction , M-real and Sappi have also signed a long-term agreement on the supply of pulp and BCTMP and other smaller services and supplies",positive
